"","stateyear","predicted","hbfunds"
"1","alabama_1947","  517631.81",1036300
"2","alabama_1948"," 5186674.79",8793803
"3","alabama_1949"," 4340956.24",3531865
"4","alabama_1950"," 5645776.98",1892272
"5","alabama_1951"," 2491363.15",1864376
"6","alabama_1952"," 3060228.64",2985206
"7","alabama_1953"," 1853131.29",2136402
"8","alabama_1954"," 1529368.21",2843550
"9","alabama_1955"," 2328706.42",2869285
"10","alabama_1956"," 4883431.22",5136650
"11","alabama_1957"," 4588584.08",3278630
"12","alabama_1958"," 5859846.06",4413377
"13","alabama_1959"," 4906752.10",3109905
"14","alabama_1960"," 5551656.91",6647866
"15","alabama_1961"," 5238846.40",5016856
"16","alabama_1962"," 6311180.51",7627804
"17","alabama_1963"," 6365449.93",4632248
"18","alabama_1964"," 5848427.49",5074181
"19","arizona_1948","  732962.25",177112
"20","arizona_1949","  620739.74",2455404
"21","arizona_1951","  365864.58",22863
"22","arizona_1952","  476170.48",834371
"23","arizona_1953","  297977.03",160300
"24","arizona_1954","  256700.90",51369
"25","arizona_1955","  405549.70",865701
"26","arizona_1956","  919855.91",1060036
"27","arizona_1957","  966706.13",1170347
"28","arizona_1958"," 1331103.01",1380000
"29","arizona_1959"," 1220876.11",1430416
"30","arizona_1960"," 1458831.32",1197072
"31","arizona_1961"," 1481612.54",742597
"32","arizona_1962"," 1857304.31",2131448
"33","arizona_1963"," 1884602.90",1905049
"34","arizona_1964"," 1754354.59",1584619
"35","arkansas_1948"," 3331409.66",2937815
"36","arkansas_1949"," 2797672.51",2003319
"37","arkansas_1950"," 3619722.26",9098910
"38","arkansas_1951"," 1600152.69",2764157
"39","arkansas_1953"," 1145721.82",332000
"40","arkansas_1955"," 1426970.49",1116536
"41","arkansas_1956"," 2908695.79",3004322
"42","arkansas_1957"," 2756284.51",3648179
"43","arkansas_1958"," 3468167.52",1951203
"44","arkansas_1959"," 2999540.59",1962478
"45","arkansas_1960"," 3418208.19",4350455
"46","arkansas_1961"," 3185315.00",5791453
"47","arkansas_1962"," 3885275.51",2645898
"48","arkansas_1963"," 3833786.38",2959266
"49","arkansas_1964"," 3500401.35",1374541
"50","california_1948"," 4269743.21",3271217
"51","california_1949"," 3591853.01",1071750
"52","california_1950"," 4657067.41",7477470
"53","california_1951"," 2218565.31",1314550
"54","california_1952"," 2917802.00",3036441
"55","california_1953"," 1848428.01",2589108
"56","california_1954"," 1628060.59",3548620
"57","california_1955"," 2572950.20",1203584
"58","california_1956"," 5609813.99",7899642
"59","california_1957"," 5499201.47",6204683
"60","california_1958"," 7242193.14",8579126
"61","california_1959"," 6352860.85",9531502
"62","california_1960"," 7507516.95",6106400
"63","california_1961"," 7321281.56",1397843
"64","california_1962"," 9038991.62",10638315
"65","california_1963"," 9141909.53",13574701
"66","california_1964"," 8676692.45",10753979
"67","colorado_1948"," 1215820.59",1414248
"68","colorado_1949","  938241.87",1008392
"69","colorado_1950"," 1176614.64",270757
"70","colorado_1951","  495713.66",420795
"71","colorado_1952","  629737.95",985117
"72","colorado_1953","  383283.57",221815
"73","colorado_1955","  527415.08",1384026
"74","colorado_1956"," 1236615.07",1377486
"75","colorado_1957"," 1278049.83",1337062
"76","colorado_1958"," 1661343.44",257927
"77","colorado_1959"," 1412707.91",2172065
"78","colorado_1960"," 1593998.04",1064214
"79","colorado_1961"," 1502879.85",4427257
"80","colorado_1962"," 1831002.65",2521388
"81","colorado_1963"," 1816206.18",716177
"82","colorado_1964"," 1694535.28",2232212
"83","connecticut_1948","  854457.75",1059560
"84","connecticut_1949","  706069.97",311786
"85","connecticut_1950","  921454.06",741478
"86","connecticut_1951","  437804.79",8e+05
"87","connecticut_1952","  563316.78",4e+05
"88","connecticut_1953","  325753.96",440511
"89","connecticut_1955","  432125.85",7e+05
"90","connecticut_1956","  911210.44",1887562
"91","connecticut_1957","  884073.36",630556
"92","connecticut_1958"," 1178889.16",1428846
"93","connecticut_1959"," 1036187.22",640195
"94","connecticut_1960"," 1168173.67",1218096
"95","connecticut_1961"," 1112724.70",801658
"96","connecticut_1962"," 1422804.21",1157047
"97","connecticut_1963"," 1423189.54",2122038
"98","connecticut_1964"," 1309096.74",1048383
"99","delaware_1948","  132667.13",228166
"100","delaware_1949","  200000.00",196833
"101","delaware_1950","  200000.00",631989
"102","delaware_1952","  200000.00",343012
"103","delaware_1956","  200000.00",105922
"104","delaware_1957","  200000.00",1222165
"105","delaware_1958","  208691.34",405828
"106","delaware_1959","  200000.00",217760
"107","delaware_1960","  206175.31",656870
"108","delaware_1961","  200000.00",1277085
"109","delaware_1963","  257256.56",338222
"110","delaware_1964","  251273.07",136447
"111","florida_1947","  249167.88",528650
"112","florida_1948"," 2484612.33",4611315
"113","florida_1949"," 2212269.95",175132
"114","florida_1950"," 3197419.24",3889879
"115","florida_1951"," 1551558.70",1680377
"116","florida_1952"," 2026242.34",1652929
"117","florida_1953"," 1313242.51",327673
"118","florida_1954"," 1204352.37",1391525
"119","florida_1955"," 1970251.08",1409261
"120","florida_1956"," 4337392.27",5307232
"121","florida_1957"," 4317752.86",3392761
"122","florida_1958"," 5722283.37",2040420
"123","florida_1959"," 4991093.54",4474303
"124","florida_1960"," 5772128.93",5831994
"125","florida_1961"," 5600371.58",5463015
"126","florida_1962"," 6963511.26",5315201
"127","florida_1963"," 7183875.69",6865221
"128","florida_1964"," 6879782.43",10464241
"129","georgia_1948"," 5024675.50",4120739
"130","georgia_1949"," 4290684.20",5829534
"131","georgia_1950"," 5704190.90",3751533
"132","georgia_1951"," 2536534.58",3412207
"133","georgia_1952"," 3083626.50",1590073
"134","georgia_1953"," 1840889.37",4116067
"135","georgia_1954"," 1554633.89",2467592
"136","georgia_1955"," 2372612.99",1889294
"137","georgia_1956"," 5037226.01",2261036
"138","georgia_1957"," 4798664.20",5405027
"139","georgia_1958"," 6137985.94",5887754
"140","georgia_1959"," 5277391.42",6476495
"141","georgia_1960"," 6055503.61",4231273
"142","georgia_1961"," 5752586.90",3824678
"143","georgia_1962"," 6976100.79",13736726
"144","georgia_1963"," 7046679.97",2992561
"145","georgia_1964"," 6492966.50",5133929
"146","idaho_1948","  547043.18",672725
"147","idaho_1949","  452810.19",61834
"148","idaho_1950","  587818.09",343700
"149","idaho_1951","  265270.33",740380
"150","idaho_1953","  217435.14",237767
"151","idaho_1954","  200000.00",488796
"152","idaho_1956","  637942.22",991522
"153","idaho_1957","  658385.73",644183
"154","idaho_1958","  842198.52",720041
"155","idaho_1959","  730027.48",1545671
"156","idaho_1960","  825361.20",689280
"157","idaho_1961","  791570.19",1141283
"158","idaho_1962","  977875.45",1080130
"159","idaho_1963","  963230.33",688845
"160","idaho_1964","  869796.71",1278599
"161","illinois_1947","  465110.94",2427530
"162","illinois_1948"," 4356038.37",2787229
"163","illinois_1949"," 3414545.24",3619582
"164","illinois_1950"," 4075932.15",4837034
"165","illinois_1951"," 1832696.28",2563640
"166","illinois_1952"," 2331003.05",3266870
"167","illinois_1954"," 1350474.89",1408259
"168","illinois_1955"," 2094438.36",3204583
"169","illinois_1956"," 4404168.26",6186450
"170","illinois_1957"," 4188177.58",3808057
"171","illinois_1958"," 5399117.26",6268001
"172","illinois_1959"," 4595897.98",5414206
"173","illinois_1960"," 5311781.03",4563592
"174","illinois_1961"," 5185028.98",3284153
"175","illinois_1962"," 6524027.34",6671113
"176","illinois_1963"," 6449120.95",6197795
"177","illinois_1964"," 6024079.15",5911466
"178","indiana_1947","  309101.15",1381879
"179","indiana_1948"," 3321431.99",3039835
"180","indiana_1949"," 2837290.43",1239206
"181","indiana_1950"," 3604670.96",8565401
"182","indiana_1951"," 1622234.68",2071627
"183","indiana_1956"," 3319497.44",5076241
"184","indiana_1957"," 3212284.24",1713886
"185","indiana_1958"," 4381029.85",5501002
"186","indiana_1959"," 3805155.65",1807494
"187","indiana_1960"," 4482748.45",2645485
"188","indiana_1961"," 4353568.28",3720170
"189","indiana_1962"," 5250181.82",6232010
"190","indiana_1963"," 5210234.67",3800061
"191","indiana_1964"," 4706664.08",8285324
"192","iowa_1948"," 2666739.64",1946617
"193","iowa_1949"," 2124715.52",2708216
"194","iowa_1950"," 2264461.15",2670641
"195","iowa_1951"," 1001393.12",1570066
"196","iowa_1952"," 1134789.11",1095725
"197","iowa_1953","  780932.31",774238
"198","iowa_1954","  660069.59",614423
"199","iowa_1955"," 1110414.71",230942
"200","iowa_1956"," 2301519.60",4946138
"201","iowa_1957"," 2360208.11",1864444
"202","iowa_1958"," 3096678.19",3139336
"203","iowa_1959"," 2751038.87",2617039
"204","iowa_1960"," 2980995.04",1764125
"205","iowa_1961"," 2715421.00",3859997
"206","iowa_1962"," 3315735.66",3974837
"207","iowa_1963"," 3283868.86",2170378
"208","iowa_1964"," 2939527.92",3050647
"209","kansas_1948"," 1828813.83",2076032
"210","kansas_1949"," 1531809.25",895302
"211","kansas_1950"," 1942604.16",2237122
"212","kansas_1951","  852538.44",604707
"213","kansas_1952"," 1056609.15",1673781
"214","kansas_1953","  641667.09",701092
"215","kansas_1955","  817253.45",2631685
"216","kansas_1956"," 1673832.84",1474995
"217","kansas_1957"," 1739482.09",1698329
"218","kansas_1958"," 2323256.70",2168774
"219","kansas_1959"," 2096466.33",2103504
"220","kansas_1960"," 2268400.58",4395897
"221","kansas_1961"," 2104531.76",2294876
"222","kansas_1962"," 2499182.89",3314249
"223","kansas_1963"," 2520256.48",981156
"224","kansas_1964"," 2291266.47",2934995
"225","kentucky_1947","  473715.37",1366795
"226","kentucky_1948"," 4679780.37",5390343
"227","kentucky_1949"," 3875405.80",3489311
"228","kentucky_1950"," 4919575.90",6550155
"229","kentucky_1951"," 2153697.39",757134
"230","kentucky_1952"," 2613116.75",5431038
"231","kentucky_1953"," 1594066.66",477498
"232","kentucky_1954"," 1331196.40",1133424
"233","kentucky_1955"," 1977392.34",891449
"234","kentucky_1956"," 4050961.01",2764370
"235","kentucky_1957"," 3870210.59",13758600
"236","kentucky_1958"," 5017427.86",3526161
"237","kentucky_1959"," 4316031.22",1941705
"238","kentucky_1960"," 4845651.12",3226213
"239","kentucky_1961"," 4540803.07",2302421
"240","kentucky_1962"," 5498498.06",3954085
"241","kentucky_1963"," 5430359.07",2334152
"242","kentucky_1964"," 4903438.67",4849244
"243","louisiana_1948"," 3915716.36",1588098
"244","louisiana_1949"," 3398996.15",7045363
"245","louisiana_1950"," 4415796.57",2518863
"246","louisiana_1951"," 1881794.85",1368296
"247","louisiana_1952"," 2267637.34",2922906
"248","louisiana_1953"," 1392515.55",2954972
"249","louisiana_1954"," 1218498.70",1458000
"250","louisiana_1955"," 1905269.78",2222056
"251","louisiana_1956"," 4042983.62",2363709
"252","louisiana_1957"," 3921187.92",2149987
"253","louisiana_1958"," 5055941.89",7528304
"254","louisiana_1959"," 4281958.21",3769361
"255","louisiana_1960"," 4765863.16",1479495
"256","louisiana_1961"," 4468311.68",6417027
"257","louisiana_1962"," 5570398.59",5470520
"258","louisiana_1963"," 5654209.92",8068613
"259","louisiana_1964"," 5294962.01",2536640
"260","maine_1948","  917102.27",1184618
"261","maine_1949","  801176.93",167474
"262","maine_1950"," 1040830.47",2051535
"263","maine_1952","  615402.88",349661
"264","maine_1953","  395498.44",263787
"265","maine_1954","  346277.74",732000
"266","maine_1955","  532778.88",190000
"267","maine_1956"," 1106728.24",1052402
"268","maine_1957"," 1044555.08",1175000
"269","maine_1958"," 1309146.75",1037054
"270","maine_1959"," 1111794.43",1150121
"271","maine_1960"," 1258516.19",1331742
"272","maine_1961"," 1203528.03",1259027
"273","maine_1962"," 1429539.87",2790470
"274","maine_1963"," 1442900.73",1704868
"275","maine_1964"," 1326546.23",110000
"276","maryland_1948"," 1590655.02",645934
"277","maryland_1949"," 1453575.38",2589249
"278","maryland_1950"," 1893315.61",123829
"279","maryland_1951","  847095.17",1067627
"280","maryland_1952"," 1006261.24",1090004
"281","maryland_1953","  613773.72",724201
"282","maryland_1954","  532146.70",929138
"283","maryland_1955","  814487.81",1253468
"284","maryland_1956"," 1752877.42",2527069
"285","maryland_1957"," 1732936.10",1193394
"286","maryland_1958"," 2337070.28",995188
"287","maryland_1959"," 2013244.48",4219185
"288","maryland_1960"," 2356487.24",3380696
"289","maryland_1961"," 2365605.47",2436058
"290","maryland_1962"," 3038838.19",1988270
"291","maryland_1963"," 3093600.20",3975275
"292","maryland_1964"," 2833148.27",1454013
"293","massachusetts_1948"," 3065472.26",2096466
"294","massachusetts_1949"," 2597044.22",3209511
"295","massachusetts_1950"," 3390913.72",1995158
"296","massachusetts_1951"," 1543884.99",1486866
"297","massachusetts_1952"," 1858879.74",3006348
"298","massachusetts_1953"," 1145973.73",1660768
"299","massachusetts_1954","  986647.29",1e+06
"300","massachusetts_1955"," 1530707.44",814002
"301","massachusetts_1956"," 3231907.75",2622592
"302","massachusetts_1957"," 3046579.78",3397095
"303","massachusetts_1958"," 3875714.18",2016558
"304","massachusetts_1959"," 3262318.44",3809792
"305","massachusetts_1960"," 3677748.42",1820664
"306","massachusetts_1961"," 3476130.19",4954250
"307","massachusetts_1962"," 4212222.36",4602465
"308","massachusetts_1963"," 4143651.92",4219517
"309","massachusetts_1964"," 3776020.99",4233216
"310","michigan_1948"," 4080631.34",3217350
"311","michigan_1949"," 3620582.45",6749776
"312","michigan_1950"," 4592926.35",1481934
"313","michigan_1951"," 1990127.57",1221103
"314","michigan_1952"," 2407914.32",2918850
"315","michigan_1953"," 1455480.18",2163441
"316","michigan_1954"," 1250258.99",1344352
"317","michigan_1955"," 1834520.74",3411149
"318","michigan_1956"," 3842681.77",3703981
"319","michigan_1957"," 3506955.24",3288960
"320","michigan_1958"," 4877471.92",6999179
"321","michigan_1959"," 4362283.50",4420980
"322","michigan_1960"," 5485180.03",2772936
"323","michigan_1961"," 5492047.25",5989056
"324","michigan_1962"," 6827303.06",6370161
"325","michigan_1963"," 6957443.20",8242208
"326","michigan_1964"," 6433063.83",11427130
"327","minnesota_1948"," 3039769.41",2016726
"328","minnesota_1949"," 2377707.54",2246066
"329","minnesota_1950"," 2841436.29",5843367
"330","minnesota_1951"," 1251625.04",1289353
"331","minnesota_1952"," 1545043.59",971467
"332","minnesota_1954","  881657.14",1266997
"333","minnesota_1955"," 1383146.85",2225530
"334","minnesota_1956"," 2915559.89",4041817
"335","minnesota_1957"," 2763284.07",1556791
"336","minnesota_1958"," 3645437.14",3673364
"337","minnesota_1959"," 3208234.91",1581353
"338","minnesota_1960"," 3622652.56",5354661
"339","minnesota_1961"," 3395942.30",3427646
"340","minnesota_1962"," 4064603.95",4624857
"341","minnesota_1963"," 4017878.15",2145370
"342","minnesota_1964"," 3620225.01",4517975
"343","mississippi_1947","  440074.06",1781395
"344","mississippi_1948"," 4310216.60",8443811
"345","mississippi_1949"," 3595640.63",2488052
"346","mississippi_1950"," 4611440.99",465289
"347","mississippi_1951"," 2002297.92",3e+06
"348","mississippi_1952"," 2428533.45",2205959
"349","mississippi_1953"," 1490360.91",638952
"350","mississippi_1954"," 1235349.41",934267
"351","mississippi_1955"," 1885011.54",2590479
"352","mississippi_1956"," 3979875.13",4425464
"353","mississippi_1957"," 3719030.05",1766253
"354","mississippi_1958"," 4749776.46",4547037
"355","mississippi_1959"," 4152832.10",3306290
"356","mississippi_1960"," 4748368.33",3865348
"357","mississippi_1961"," 4406812.25",6301210
"358","mississippi_1962"," 5293397.63",2772317
"359","mississippi_1963"," 5190378.51",3685805
"360","mississippi_1964"," 4700590.97",3394024
"361","missouri_1948"," 3860629.94",5389363
"362","missouri_1949"," 3162436.17",758868
"363","missouri_1950"," 3978836.02",3614945
"364","missouri_1951"," 1767142.77",508997
"365","missouri_1952"," 2102955.52",2762075
"366","missouri_1953"," 1331819.23",2419558
"367","missouri_1954"," 1152057.87",1139386
"368","missouri_1955"," 1777962.00",1119272
"369","missouri_1956"," 3654268.17",3482974
"370","missouri_1957"," 3444683.57",4408033
"371","missouri_1958"," 4415113.12",2707051
"372","missouri_1959"," 3872010.01",5145212
"373","missouri_1960"," 4318069.80",5445470
"374","missouri_1961"," 3975071.45",2614901
"375","missouri_1962"," 4676282.61",6726075
"376","missouri_1963"," 4707198.32",5792137
"377","missouri_1964"," 4341209.34",3290520
"378","montana_1948","  460009.61",507723
"379","montana_1949","  361690.45",106648
"380","montana_1950","  418983.05",381071
"381","montana_1951","  200000.00",190132
"382","montana_1952","  234779.10",431658
"383","montana_1953","  200000.00",153621
"384","montana_1955","  221050.39",269331
"385","montana_1956","  510728.23",586353
"386","montana_1957","  505163.64",350277
"387","montana_1958","  661636.18",1504476
"388","montana_1959","  576715.34",820828
"389","montana_1960","  663822.09",39650
"390","montana_1961","  661515.11",1235409
"391","montana_1962","  821812.80",1942423
"392","montana_1963","  886186.08",224040
"393","montana_1964","  774933.18",537953
"394","nebraska_1948"," 1233518.50",980107
"395","nebraska_1949"," 1018663.65",299572
"396","nebraska_1950"," 1199754.31",1414200
"397","nebraska_1951","  513048.62",672918
"398","nebraska_1952","  583149.98",1049759
"399","nebraska_1953","  384221.03",659841
"400","nebraska_1954","  323608.15",283688
"401","nebraska_1955","  552883.29",1118187
"402","nebraska_1956"," 1175913.78",1369816
"403","nebraska_1957"," 1228763.17",946164
"404","nebraska_1958"," 1662725.34",1975863
"405","nebraska_1959"," 1454673.47",2158033
"406","nebraska_1960"," 1532681.41",1821437
"407","nebraska_1961"," 1370591.09",4050611
"408","nebraska_1962"," 1648260.39",172148
"409","nebraska_1963"," 1698519.04",1864759
"410","nebraska_1964"," 1524409.15",2092768
"411","nevada_1949","  200000.00",9108
"412","nevada_1950","  200000.00",251840
"413","nevada_1951","  200000.00",87508
"414","nevada_1953","  200000.00",461996
"415","nevada_1954","  200000.00",437955
"416","nevada_1956","  200000.00",516774
"417","nevada_1957","  200000.00",400160
"418","nevada_1958","  200000.00",581481
"419","nevada_1959","  200000.00",387865
"420","nevada_1960","  200000.00",665529
"421","nevada_1961","  200000.00",112078
"422","nevada_1962","  200000.00",1308398
"423","nevada_1964","  200000.00",53961
"424","new hampshire_1948","  541629.59",302056
"425","new hampshire_1949","  447816.14",743981
"426","new hampshire_1950","  567648.94",988585
"427","new hampshire_1952","  314737.70",252000
"428","new hampshire_1953","  200000.00",852147
"429","new hampshire_1956","  537472.09",919713
"430","new hampshire_1957","  490943.74",888762
"431","new hampshire_1958","  620857.34",832174
"432","new hampshire_1959","  532886.28",545765
"433","new hampshire_1960","  614616.16",463823
"434","new hampshire_1961","  575967.35",1987851
"435","new hampshire_1962","  703221.15",1220753
"436","new hampshire_1963","  697888.18",261017
"437","new hampshire_1964","  639127.73",184754
"438","new jersey_1948"," 2025412.77",2486639
"439","new jersey_1949"," 1852324.56",2187955
"440","new jersey_1950"," 2697551.15",3756309
"441","new jersey_1951"," 1276839.32",4612632
"442","new jersey_1953","  944629.48",14280
"443","new jersey_1955"," 1210332.66",2247913
"444","new jersey_1956"," 2478076.41",2375512
"445","new jersey_1957"," 2368385.14",67263
"446","new jersey_1958"," 3119283.72",4906351
"447","new jersey_1959"," 2705999.65",557866
"448","new jersey_1960"," 3258433.06",3250025
"449","new jersey_1961"," 3298688.61",3533845
"450","new jersey_1962"," 4205110.60",4227710
"451","new jersey_1963"," 4172048.82",2413452
"452","new jersey_1964"," 3806325.17",5320893
"453","new mexico_1947","   84050.16",112406
"454","new mexico_1948","  848523.38",2125600
"455","new mexico_1950","  981827.80",1620122
"456","new mexico_1953","  326954.87",9116
"457","new mexico_1954","  282360.35",231936
"458","new mexico_1956","  951645.14",1836158
"459","new mexico_1957","  946580.88",1256123
"460","new mexico_1958"," 1254870.89",501575
"461","new mexico_1959"," 1088491.04",2601810
"462","new mexico_1960"," 1217175.99",917675
"463","new mexico_1961"," 1113298.00",1141268
"464","new mexico_1962"," 1356666.61",733293
"465","new mexico_1963"," 1381085.62",2392897
"466","new mexico_1964"," 1307613.45",419571
"467","new york_1948"," 6150483.63",6814509
"468","new york_1949"," 5174603.37",5612698
"469","new york_1950"," 6483778.88",4707487
"470","new york_1951"," 2908351.96",3537059
"471","new york_1952"," 3906612.30",3028556
"472","new york_1953"," 2555963.32",2757207
"473","new york_1954"," 2381996.16",2291024
"474","new york_1955"," 3841042.36",4480526
"475","new york_1956"," 7967543.16",4572715
"476","new york_1957"," 7351650.02",6061433
"477","new york_1958"," 9256827.87",13589751
"478","new york_1959"," 7821882.40",7783852
"479","new york_1960"," 8685971.03",7163999
"480","new york_1961"," 7932563.30",3349016
"481","new york_1962"," 9286031.45",10601664
"482","new york_1963"," 8978755.67",10451236
"483","new york_1964"," 8236908.31",8385273
"484","north carolina_1947","  635066.14",1857342
"485","north carolina_1948"," 6215804.79",1260910
"486","north carolina_1949"," 5111683.12",3545759
"487","north carolina_1950"," 6594302.86",7494597
"488","north carolina_1951"," 2931141.08",5394939
"489","north carolina_1952"," 3500993.72",2758914
"490","north carolina_1953"," 2132459.71",1218275
"491","north carolina_1954"," 1815320.40",2845187
"492","north carolina_1955"," 2876916.25",3125903
"493","north carolina_1956"," 6081162.71",5556002
"494","north carolina_1957"," 5779018.98",2933560
"495","north carolina_1958"," 7352146.49",7656114
"496","north carolina_1959"," 6496271.70",9999747
"497","north carolina_1960"," 7491646.47",8513347
"498","north carolina_1961"," 7155132.10",6817919
"499","north carolina_1962"," 8511263.81",5960368
"500","north carolina_1963"," 8421386.53",12717042
"501","north carolina_1964"," 7618058.25",4681992
"502","north dakota_1948","  677458.23",479567
"503","north dakota_1949","  481489.79",229306
"504","north dakota_1950","  553716.49",395493
"505","north dakota_1951","  235600.78",473266
"506","north dakota_1952","  329457.33",21565
"507","north dakota_1953","  222375.15",221495
"508","north dakota_1954","  206606.06",318134
"509","north dakota_1955","  353294.11",515343
"510","north dakota_1956","  782763.61",1181052
"511","north dakota_1957","  722931.55",783084
"512","north dakota_1958","  891152.84",1130907
"513","north dakota_1959","  765449.46",1098152
"514","north dakota_1960","  823237.07",1496982
"515","north dakota_1961","  787865.81",1086553
"516","north dakota_1962","  918288.37",1215295
"517","north dakota_1963"," 1028996.94",1125999
"518","north dakota_1964","  824616.27",1817981
"519","ohio_1948"," 5478624.59",5007818
"520","ohio_1949"," 4766762.48",5951656
"521","ohio_1950"," 6129804.68",5722904
"522","ohio_1951"," 2734597.70",1807244
"523","ohio_1952"," 3410850.97",5903137
"524","ohio_1953"," 2124549.15",1267884
"525","ohio_1954"," 1804861.35",562984
"526","ohio_1955"," 2695485.68",1356599
"527","ohio_1956"," 5755014.05",4079908
"528","ohio_1957"," 5511345.08",4183131
"529","ohio_1958"," 7332458.67",5205052
"530","ohio_1959"," 6333922.21",6478260
"531","ohio_1960"," 7568779.25",6293327
"532","ohio_1961"," 7405099.00",6600515
"533","ohio_1962"," 9111086.55",4937188
"534","ohio_1963"," 9035269.77",10094455
"535","ohio_1964"," 8396493.17",13624527
"536","oklahoma_1947","  292581.12",863370
"537","oklahoma_1948"," 2774437.93",2515950
"538","oklahoma_1949"," 2332894.22",2330363
"539","oklahoma_1950"," 3104619.70",4924908
"540","oklahoma_1951"," 1289457.51",211655
"541","oklahoma_1952"," 1597427.49",2095416
"542","oklahoma_1953","  976267.03",1602312
"543","oklahoma_1954","  857221.92",334654
"544","oklahoma_1955"," 1294814.04",1823020
"545","oklahoma_1956"," 2666046.40",1850430
"546","oklahoma_1957"," 2537278.86",3135204
"547","oklahoma_1958"," 3263372.81",1863577
"548","oklahoma_1959"," 2822702.04",2453300
"549","oklahoma_1960"," 3117207.46",1949851
"550","oklahoma_1961"," 2889289.61",3104409
"551","oklahoma_1962"," 3431682.12",2651221
"552","oklahoma_1963"," 3446679.20",6471144
"553","oklahoma_1964"," 3187240.24",570563
"554","oregon_1948","  880665.99",691551
"555","oregon_1949","  762781.65",751102
"556","oregon_1950","  997255.95",2214948
"557","oregon_1951","  427177.37",180334
"558","oregon_1952","  549011.82",522006
"559","oregon_1953","  357621.45",127074
"560","oregon_1954","  325408.94",1202632
"561","oregon_1955","  527123.40",18258
"562","oregon_1956"," 1176865.20",1945305
"563","oregon_1957"," 1163416.15",1154065
"564","oregon_1958"," 1515184.93",4300487
"565","oregon_1959"," 1358414.18",1644497
"566","oregon_1960"," 1599696.40",1302626
"567","oregon_1961"," 1528958.34",3149569
"568","oregon_1962"," 1842914.97",1927004
"569","oregon_1963"," 1839099.39",1359507
"570","oregon_1964"," 1712692.64",1613693
"571","pennsylvania_1948"," 7869235.52",8130142
"572","pennsylvania_1949"," 6683655.92",8873548
"573","pennsylvania_1950"," 8862732.45",6740673
"574","pennsylvania_1951"," 3950111.51",2604908
"575","pennsylvania_1952"," 4848099.47",4458700
"576","pennsylvania_1953"," 2966277.42",4780253
"577","pennsylvania_1954"," 2548357.94",732799
"578","pennsylvania_1955"," 3895423.48",3915808
"579","pennsylvania_1956"," 8205708.64",2098130
"580","pennsylvania_1957"," 7812588.74",9839658
"581","pennsylvania_1958","10176395.05",11955405
"582","pennsylvania_1959"," 8551048.44",5236361
"583","pennsylvania_1960"," 9545642.58",9851720
"584","pennsylvania_1961"," 9089870.99",11535807
"585","pennsylvania_1962","11131583.73",9184709
"586","pennsylvania_1963","11244592.20",11034100
"587","pennsylvania_1964","10401197.45",7387711
"588","rhode island_1948","  561900.77",1382589
"589","rhode island_1949","  460742.09",16738
"590","rhode island_1950","  597918.86",907501
"591","rhode island_1952","  374143.71",75000
"592","rhode island_1954","  200000.00",10000
"593","rhode island_1955","  299393.32",775421
"594","rhode island_1956","  637023.60",977454
"595","rhode island_1957","  598181.53",421801
"596","rhode island_1958","  787316.33",774764
"597","rhode island_1959","  695017.13",1325201
"598","rhode island_1960","  799283.89",906071
"599","rhode island_1961","  746347.43",192969
"600","rhode island_1962","  891691.18",3218181
"601","rhode island_1963","  869428.53",88114
"602","rhode island_1964","  784909.31",159238
"603","south carolina_1948"," 3509721.16",1995295
"604","south carolina_1949"," 2959230.52",11332124
"605","south carolina_1950"," 3834236.12",2013408
"606","south carolina_1952"," 2107754.31",436567
"607","south carolina_1953"," 1268392.56",1224850
"608","south carolina_1955"," 1562907.54",1989942
"609","south carolina_1956"," 3346776.61",1986586
"610","south carolina_1957"," 3302702.07",2579252
"611","south carolina_1958"," 4413663.26",3870608
"612","south carolina_1959"," 3886444.47",3332172
"613","south carolina_1960"," 4488333.89",5279462
"614","south carolina_1961"," 4229641.16",6468484
"615","south carolina_1962"," 5067951.78",2863725
"616","south carolina_1963"," 5039606.77",5383662
"617","south carolina_1964"," 4517411.36",3972365
"618","south dakota_1948","  701945.48",586495
"619","south dakota_1949","  546517.92",250364
"620","south dakota_1950","  630187.08",622306
"621","south dakota_1951","  296646.11",527292
"622","south dakota_1953","  254909.87",163487
"623","south dakota_1954","  227349.55",357482
"624","south dakota_1955","  364434.41",402576
"625","south dakota_1956","  806536.47",1162474
"626","south dakota_1957","  784375.57",862954
"627","south dakota_1958"," 1044359.13",1281845
"628","south dakota_1959","  899192.26",1225591
"629","south dakota_1960","  957474.39",485813
"630","south dakota_1961","  916065.45",1955171
"631","south dakota_1962"," 1103297.80",1865881
"632","south dakota_1963"," 1114399.03",622447
"633","south dakota_1964","  907656.46",846259
"634","tennessee_1948"," 4749103.89",5211479
"635","tennessee_1949"," 4058709.76",2116098
"636","tennessee_1950"," 5452474.73",4857656
"637","tennessee_1951"," 2457525.78",4422021
"638","tennessee_1952"," 2973427.37",317329
"639","tennessee_1953"," 1807360.82",3723954
"640","tennessee_1954"," 1565341.06",1503824
"641","tennessee_1955"," 2406909.00",1567018
"642","tennessee_1956"," 4925748.88",3917650
"643","tennessee_1957"," 4629042.08",5160591
"644","tennessee_1958"," 5973199.20",6893937
"645","tennessee_1959"," 5144194.51",3731331
"646","tennessee_1960"," 5765831.30",6573897
"647","tennessee_1961"," 5401562.88",3397078
"648","tennessee_1962"," 6540078.72",5506751
"649","tennessee_1963"," 6512880.75",9598347
"650","tennessee_1964"," 5969015.31",2009874
"651","texas_1947","  838288.45",1701423
"652","texas_1948"," 8727991.26",13577354
"653","texas_1949"," 7258176.75",1839438
"654","texas_1950"," 9471484.18",10445763
"655","texas_1951"," 4080583.63",2758382
"656","texas_1952"," 4979007.90",6203386
"657","texas_1953"," 2974046.92",1012500
"658","texas_1954"," 2616110.44",2698320
"659","texas_1955"," 4202325.61",4130352
"660","texas_1956"," 8832564.91",7966591
"661","texas_1957"," 8553179.20",8518067
"662","texas_1958","11067156.68",5040075
"663","texas_1959"," 9629836.91",11049388
"664","texas_1960","11079247.84",17963508
"665","texas_1961","10632179.52",5529846
"666","texas_1962","13319287.35",17212085
"667","texas_1963","13461381.28",7775566
"668","texas_1964","12590982.56",15431670
"669","utah_1948","  703380.15",618103
"670","utah_1949","  593121.24",124140
"671","utah_1950","  795118.51",1247765
"672","utah_1952","  432975.16",541251
"673","utah_1953","  261999.77",562910
"674","utah_1954","  226021.49",804304
"675","utah_1955","  364695.96",665843
"676","utah_1956","  812598.66",953331
"677","utah_1957","  802211.20",162792
"678","utah_1958"," 1053291.67",1660624
"679","utah_1959","  905916.91",505158
"680","utah_1960"," 1038152.69",1391450
"681","utah_1961"," 1001091.93",3685077
"682","utah_1962"," 1229187.67",352579
"683","utah_1963"," 1232318.16",189918
"684","utah_1964"," 1104305.42",735161
"685","vermont_1948","  427855.38",818569
"686","vermont_1949","  351340.31",92648
"687","vermont_1950","  459416.98",780106
"688","vermont_1952","  268579.89",84337
"689","vermont_1955","  220377.60",402398
"690","vermont_1956","  459780.76",1189783
"691","vermont_1957","  430284.67",707171
"692","vermont_1958","  543770.54",201585
"693","vermont_1959","  464420.93",1513662
"694","vermont_1960","  516533.65",95550
"695","vermont_1961","  482973.28",524700
"696","vermont_1962","  574795.03",487735
"697","vermont_1963","  559886.45",1527486
"698","vermont_1964","  501609.68",1785556
"699","virginia_1948"," 4280580.31",4566565
"700","virginia_1949"," 3599911.38",5271067
"701","virginia_1950"," 4499472.79",230137
"702","virginia_1951"," 2037751.43",2661777
"703","virginia_1952"," 2442578.81",4869664
"704","virginia_1953"," 1474407.69",339489
"705","virginia_1954"," 1217729.31",14588
"706","virginia_1955"," 1872104.76",2624596
"707","virginia_1956"," 4015299.96",3832141
"708","virginia_1957"," 3922510.66",3578292
"709","virginia_1958"," 5081524.87",7444491
"710","virginia_1959"," 4436801.93",2514764
"711","virginia_1960"," 5093617.60",5641182
"712","virginia_1961"," 4924678.69",3235309
"713","virginia_1962"," 5995511.31",5903559
"714","virginia_1963"," 5997290.91",7916511
"715","virginia_1964"," 5469802.06",4224299
"716","washington_1948"," 1189739.12",451573
"717","washington_1949"," 1150014.64",826854
"718","washington_1950"," 1551772.05",1376956
"719","washington_1951","  676782.16",693260
"720","washington_1952","  828321.42",2284594
"721","washington_1953","  517001.07",612312
"722","washington_1954","  457835.90",1227287
"723","washington_1956"," 1499352.69",3064501
"724","washington_1957"," 1458134.31",1094397
"725","washington_1958"," 1991620.77",2821084
"726","washington_1959"," 1815061.40",1049415
"727","washington_1960"," 2130349.51",2810978
"728","washington_1961"," 2029488.09",2998798
"729","washington_1962"," 2526125.04",2316552
"730","washington_1963"," 2482032.89",4664461
"731","washington_1964"," 2220636.00",1638780
"732","west virginia_1948"," 2812252.91",1325534
"733","west virginia_1949"," 2230574.89",35417
"734","west virginia_1950"," 2839499.39",5046975
"735","west virginia_1951"," 1243894.89",1585219
"736","west virginia_1952"," 1574783.03",1127000
"737","west virginia_1953","  990627.02",2599304
"738","west virginia_1954","  841461.05",142334
"739","west virginia_1955"," 1271299.61",438814
"740","west virginia_1956"," 2663376.69",5689742
"741","west virginia_1957"," 2530036.95",361720
"742","west virginia_1958"," 3175994.93",4233085
"743","west virginia_1959"," 2579539.45",2677974
"744","west virginia_1960"," 2790087.72",2683174
"745","west virginia_1961"," 2576901.27",3236237
"746","west virginia_1962"," 3125637.87",1311576
"747","west virginia_1963"," 3107791.51",1058090
"748","west virginia_1964"," 2816068.80",4207324
"749","wisconsin_1948"," 3125016.16",2472643
"750","wisconsin_1949"," 2556211.55",4015046
"751","wisconsin_1950"," 3183489.39",2842745
"752","wisconsin_1951"," 1372379.10",75160
"753","wisconsin_1952"," 1664883.09",1517613
"754","wisconsin_1953","  998848.60",513577
"755","wisconsin_1954","  856813.56",2662456
"756","wisconsin_1955"," 1324783.17",153773
"757","wisconsin_1956"," 2920814.86",3113296
"758","wisconsin_1957"," 2877120.43",5967609
"759","wisconsin_1958"," 3780005.90",2462120
"760","wisconsin_1959"," 3234309.41",3821789
"761","wisconsin_1960"," 3707907.99",6743080
"762","wisconsin_1961"," 3473582.49",2450524
"763","wisconsin_1962"," 4193408.41",2215052
"764","wisconsin_1963"," 4183182.41",6333092
"765","wisconsin_1964"," 3895116.83",2614963
"766","wyoming_1948","  206047.67",212694
"767","wyoming_1949","  200000.00",150702
"768","wyoming_1950","  200000.00",203359
"769","wyoming_1951","  200000.00",208409
"770","wyoming_1952","  200000.00",461767
"771","wyoming_1954","  200000.00",141614
"772","wyoming_1955","  200000.00",282877
"773","wyoming_1957","  217316.21",951575
"774","wyoming_1958","  291563.60",716949
"775","wyoming_1959","  251235.68",143019
"776","wyoming_1960","  285531.86",245438
"777","wyoming_1961","  265990.65",370795
"778","wyoming_1962","  317712.67",59883
"779","wyoming_1963","  318799.68",251355
"780","wyoming_1964","  294272.09",772696
